user_id,status_id,created_at,screen_name,text,character,word_count,source,display_text_width,reply_to_status_id,reply_to_user_id,reply_to_screen_name,is_quote,is_retweet,favorite_count,retweet_count,quote_count,reply_count,hashtags,symbols,urls_url,urls_t.co,urls_expanded_url,media_url,media_t.co,media_expanded_url,media_type,ext_media_url,ext_media_t.co,ext_media_expanded_url,ext_media_type,mentions_user_id,mentions_screen_name,lang,quoted_status_id,quoted_text,quoted_created_at,quoted_source,quoted_favorite_count,quoted_retweet_count,quoted_user_id,quoted_screen_name,quoted_name,quoted_followers_count,quoted_friends_count,quoted_statuses_count,quoted_location,quoted_description,quoted_verified,retweet_status_id,retweet_text,retweet_created_at,retweet_source,retweet_favorite_count,retweet_retweet_count,retweet_user_id,retweet_screen_name,retweet_name,retweet_followers_count,retweet_friends_count,retweet_statuses_count,retweet_location,retweet_description,retweet_verified,place_url,place_name,place_full_name,place_type,country,country_code,geo_coords,coords_coords,bbox_coords,status_url,name,location,description,url,protected,followers_count,friends_count,listed_count,statuses_count,favourites_count,account_created_at,verified,profile_url,profile_expanded_url,account_lang,profile_banner_url,profile_background_url,profile_image_url
x228490495,x1279079858711269382,7/3/20 15:49,DaveToke,"New Zealand banned all new oil and gas development. Now they're looking to go 100% renewable.

We have solutions to the #climatecrisis, let's implement them.

#ActOnClimate #climate #energy #go100re #GreenNewDeal #geothermal https://t.co/SKfGcnNjBl",248,30,Twitter Web App,,,,,FALSE,TRUE,0,0,0,0,,,,,,,,,,,,,,x15088481,MikeHudema,en,,,,,,,,,,,,,,,,x1279078559693385728,"New Zealand banned all new oil and gas development. Now they're looking to go 100% renewable.

We have solutions to the #climatecrisis, let's implement them.

#ActOnClimate #climate #energy #go100re #GreenNewDeal #geothermal https://t.co/SKfGcnNjBl",7/3/20 15:44,Buffer,27,19,x15088481,MikeHudema,Mike Hudema,128146,39535,30166,Unceded Squamish Territory,"#Climate Campaigner focusing on addressing the #climatecrisis, building #greenjobs & a #GreenNewDeal. Let's join together and change the world!",TRUE,,,,,,,NA NA,NA NA,NA NA NA NA NA NA NA NA,https://twitter.com/DaveToke/status/1279079858711269382,David Toke,Birmingham,"Director, 100percentrenewableUK; Reader in Energy Politics at the University of Aberdeen",https://100percentrenewableuk.org/,FALSE,1091,652,42,12560,951,12/19/10 21:48,FALSE,,,,https://pbs.twimg.com/profile_banners/228490495/1590757086,http://abs.twimg.com/images/themes/theme1/bg.png,http://pbs.twimg.com/profile_images/1266033353012150273/AY_sUkX9_normal.jpg
x814459111039528960,x1279079863622733825,7/3/20 15:49,ThmasAlexander,"House Democrats unveiled an ambitious plan this week to combat climate change that won plaudits from mainstream environmentalists, but disappointed some progressives. https://t.co/xkDJq8BKLJ",190,23,Twitter for iPhone,,,,,FALSE,TRUE,0,0,0,0,,,,,,,,,,,,,,x95506425,BGOV,en,,,,,,,,,,,,,,,,x1279057076954619904,"House Democrats unveiled an ambitious plan this week to combat climate change that won plaudits from mainstream environmentalists, but disappointed some progressives. https://t.co/xkDJq8BKLJ",7/3/20 14:19,SocialFlow,0,1,x95506425,BGOV,Bloomberg Government,27191,712,27123,"Washington, DC",Comprehensive news & analysis for government affairs professionals in Washington ‚Ä¢ Subscribe to #DownballotPod üëâ http://bgovgo.com/z3j8rBr,TRUE,,,,,,,NA NA,NA NA,NA NA NA NA NA NA NA NA,https://twitter.com/ThmasAlexander/status/1279079863622733825,Thomas Alexander,Residential building,Living in the UK. Ambitious traveller. Contact by Gmail/Outlook/Apple Mail/Phone. (how to build a website: http://shorturl.at/gpqJN).,http://viproom.me,FALSE,54,243,0,479,292,12/29/16 13:12,FALSE,,,,https://pbs.twimg.com/profile_banners/814459111039528960/1593147546,http://abs.twimg.com/images/themes/theme1/bg.png,http://pbs.twimg.com/profile_images/1246020353115054086/HiDrJ0ob_normal.jpg
x1105174797296709632,x1279079863387697153,7/3/20 15:49,FFF_Hyderabad,".@PrakashJavdekar 
'Urban Forests are the lungs of cities' while 'Forests are the lungs of a country'. But your priorities doesn't seem to conserve them. #eiaforgreenindia #EIAdraft2020 #ClimateCrisis #COVID„Éº19",212,28,Twitter Web App,,,,,TRUE,FALSE,0,0,0,0,,,twitter.com/i/web/status/1‚Ä¶,https://t.co/yzjnZKzjAK,https://twitter.com/i/web/status/1279079863387697153,,,,,,,,,x1072993274,PrakashJavdekar,en,x1278588526850949120,"Today inaugurated a unique Urban Forest at the Office of the CAG of India. Urban forests are the lungs of cities, acting as an oxygen bank and carbon sink.
@moefcc https://t.co/49zuhdA2OR",7/2/20 7:17,Twitter Web App,955,171,x1072993274,PrakashJavdekar,Prakash Javadekar,2305011,363,16844,,"Minister of Environment, Forest & Climate Change; Information & Broadcasting; & Heavy Industries & Public Enterprises,
GoI 
Facebook : PrakashJavadekarOfficial",TRUE,,,,,,,,,,,,,,,,,,,,,,NA NA,NA NA,NA NA NA NA NA NA NA NA,https://twitter.com/FFF_Hyderabad/status/1279079863387697153,Fridays For Future Hyderabad üå≥ü¶öüêùüêØüáÆüá≥üêØüêùü¶öüå≥,"Hyderabad,  India","A revolution by children of Hyderabad, India  in support of global movement against ""Human Induced Climate Change"". #FridaysForFuture fffhydyouth@gmail.com",,FALSE,699,823,19,2732,395,3/11/19 18:32,FALSE,,,,https://pbs.twimg.com/profile_banners/1105174797296709632/1593346725,http://abs.twimg.com/images/themes/theme1/bg.png,http://pbs.twimg.com/profile_images/1132623783322300417/6RBpq2Wz_normal.png
x1124330012897886211,x1279079866021957633,7/3/20 15:49,Mons71445543,El Polo Sur se ha calentado tres veces m√°s que el resto de nuestro planeta en los √∫ltimos 30 a√±os seg√∫n los resultados de un √∫ltimo estudio publicado en la revista Nature Climate Change. https://t.co/UE32hFZUjN,215,35,Twitter for Android,,,,,FALSE,TRUE,0,0,0,0,,,,,,,,,,,,,,x139443008,MarGomezH,es,,,,,,,,,,,,,,,,x1277948915422199810,El Polo Sur se ha calentado tres veces m√°s que el resto de nuestro planeta en los √∫ltimos 30 a√±os seg√∫n los resultados de un √∫ltimo estudio publicado en la revista Nature Climate Change. https://t.co/UE32hFZUjN,6/30/20 12:55,Twitter Web App,1574,866,x139443008,MarGomezH,Mar G√≥mez,86672,638,21557,"Madrid, Spain - Nueva York,USA",Doctora en F√≠sicas. Responsable del √°rea de meteorolog√≠a de @eltiempoes Tambi√©n en @COPE_es @NatGeoEsp @europa_fm ah y soy budista https://t.co/oMY9bwZ8BP‚Ä¶,TRUE,,,,,,,NA NA,NA NA,NA NA NA NA NA NA NA NA,https://twitter.com/Mons71445543/status/1279079866021957633,Mons,"Ecatepec de Morelos, M√©xico",,,FALSE,182,267,0,268,162,5/3/19 15:08,FALSE,,,,https://pbs.twimg.com/profile_banners/1124330012897886211/1588050220,,http://pbs.twimg.com/profile_images/1172366487484420097/_-S0fOP2_normal.jpg
x2175895556,x1279079869683548161,7/3/20 15:49,CEBAS_SWC,"#Spain: watch this small clip from the upcoming video abstract of @CEBAS_SWC, showing examples of historical climate change, land use change and reservoir construction in a typical Mediterranean catchment in South East of Spain @AgroBericht",240,35,Twitter for iPhone,,,,,TRUE,TRUE,0,0,0,0,Spain,,,,,,,,,,,,,x785858527281700864 x2175895556,agrispanje CEBAS_SWC,en,x1278597145357094913,"We have made a small clip from the upcoming video abstract, showing examples of historical climate change, land use change and reservoir construction in a typical Mediterranean catchment in SE Spain. #trailer #scicomm https://t.co/8zuKGLSchY",7/2/20 7:51,Twitter Web App,8,3,x22146490,JorisEekhout,Joris Eekhout,260,236,1364,Murcia,Postdoctoral Researcher at CEBAS-CSIC @CEBAS_SWC - Scientific Web Developer,FALSE,x1278969009770237952,"#Spain: watch this small clip from the upcoming video abstract of @CEBAS_SWC, showing examples of historical climate change, land use change and reservoir construction in a typical Mediterranean catchment in South East of Spain @AgroBericht",7/3/20 8:29,Twitter Web App,3,2,x785858527281700864,agrispanje,Landbouwraad Spanje,682,641,4271,"Comunidad de Madrid, Espa√±a","Landbouwteam Spanje | NL Ambassade Madrid | Ondersteuning NL agribusiness in SP | Agrifood |
https://www.agroberichtenbuitenland.nl/landeninformatie/spanje",TRUE,,,,,,,NA NA,NA NA,NA NA NA NA NA NA NA NA,https://twitter.com/CEBAS_SWC/status/1279079869683548161,CEBAS SWC,"Murcia, Spain","Soil and Water Conservation Research Group, at  Centro de Edafolog√≠a y Biolog√≠a Aplicada del Segura (CEBAS-CSIC).",http://www.soilwaterconservation.es,FALSE,756,659,21,1434,1109,11/5/13 11:31,FALSE,,,,https://pbs.twimg.com/profile_banners/2175895556/1430740339,http://abs.twimg.com/images/themes/theme1/bg.png,http://pbs.twimg.com/profile_images/378800000697944312/9eebbe6b69f2c84b1724610e2c04ea95_normal.jpeg
x1170738786,x1279079870295916545,7/3/20 15:49,nico_nicole97,"it is really really weird when both parties are against universal healthcare in a pandemic, defunding the police in a brutal crackdown, green new deal in a climate crisis, redistribution of wealth in an unemployment and housing crisis, demilitarizing in a global escalation crisis",280,44,Twitter for Android,,,,,FALSE,TRUE,0,0,0,0,,,,,,,,,,,,,,x618198359,deerhoof,en,,,,,,,,,,,,,,,,x1278554305176326145,"it is really really weird when both parties are against universal healthcare in a pandemic, defunding the police in a brutal crackdown, green new deal in a climate crisis, redistribution of wealth in an unemployment and housing crisis, demilitarizing in a global escalation crisis",7/2/20 5:01,Twitter Web App,8970,2742,x618198359,deerhoof,ùîªùïñùïñùï£ùïôùï†ùï†ùïó,15259,416,21073,,searchin for the love frequency amidst the high modernist junkpile since 1994,TRUE,,,,,,,NA NA,NA NA,NA NA NA NA NA NA NA NA,https://twitter.com/nico_nicole97/status/1279079870295916545,probably nicole üåπ,"Des Moines, IA",my major is being angry,,FALSE,115,328,0,1574,10385,2/12/13 3:17,FALSE,,,,https://pbs.twimg.com/profile_banners/1170738786/1581799884,http://abs.twimg.com/images/themes/theme1/bg.png,http://pbs.twimg.com/profile_images/1228577898564550656/Vw6R0xUw_normal.jpg
x732082153,x1279079870543192064,7/3/20 15:49,cjlortie,Congrats!!,10,1,Twitter for iPhone,,,,,TRUE,FALSE,0,0,0,0,,,,,,,,,,,,,,,,en,x1279077968443293697,"Happy to see our meta-analysis of experimental N addition &amp; #climatechange effects on plant diversity as editor's choice @Oikos_Journal https://t.co/jVo3qF3j12 - we find consistent negative effects of #nitrogen linked to biomass increase &amp; more subtle, varied effects of climate",7/3/20 15:42,Twitter for Android,2,0,x2769994652,JCSvenning,Jens Svenning,4691,1476,7655,"Aarhus, Danmark","Ecologist w strong interest in global #biodiversity patterns & dynamics, ecosystem #restoration & #rewilding, human-nature interrelations, and #remotesensing",FALSE,,,,,,,,,,,,,,,,,,,,,,NA NA,NA NA,NA NA NA NA NA NA NA NA,https://twitter.com/cjlortie/status/1279079870543192064,cjlortie,,runner. ecologist.,http://christopherlortie.info,FALSE,1056,457,104,9773,6894,8/2/12 3:48,FALSE,,,,https://pbs.twimg.com/profile_banners/732082153/1398442380,http://abs.twimg.com/images/themes/theme1/bg.png,http://pbs.twimg.com/profile_images/1254834872109031424/L4gAfrI3_normal.jpg
x299310030,x1279079885235863552,7/3/20 15:49,Parkermar,Trump and the far right have finally come around to wearing face masks to prevent COVID. There is no denying the data. Now do climate change.  https://t.co/3enu0eX5mm,166,27,Twitter for iPhone,,,,,FALSE,TRUE,0,0,0,0,,,,,,,,,,,,,,x20094409,BarbMcQuade,en,,,,,,,,,,,,,,,,x1279043303669891072,Trump and the far right have finally come around to wearing face masks to prevent COVID. There is no denying the data. Now do climate change.  https://t.co/3enu0eX5mm,7/3/20 13:24,Twitter for iPhone,1380,326,x20094409,BarbMcQuade,Barb McQuade,377535,1033,5205,"Ann Arbor, MI","@UMichLaw prof; legal analyst @NBCNews, @MSNBC; former US Attorney, national security prosecutor, Eastern District Michigan; @Tigers, @UMich fan; wife, mom of 4",TRUE,,,,,,,NA NA,NA NA,NA NA NA NA NA NA NA NA,https://twitter.com/Parkermar/status/1279079885235863552,Marsha Parker,United States,"Viet Nam vet nurse, 50 yrs healthcare, hobby author, proud liberal and member of the resistance, proud granny, dog lover. #Resistance #BlueWave #Persist #BLM",,FALSE,3331,4770,1,30851,25125,5/15/11 21:22,FALSE,,,,https://pbs.twimg.com/profile_banners/299310030/1544488906,http://abs.twimg.com/images/themes/theme1/bg.png,http://pbs.twimg.com/profile_images/1072290302738673664/C_LaF3ye_normal.jpg
x3197025735,x1279079886964043777,7/3/20 15:49,R_Beaton14,"it is really really weird when both parties are against universal healthcare in a pandemic, defunding the police in a brutal crackdown, green new deal in a climate crisis, redistribution of wealth in an unemployment and housing crisis, demilitarizing in a global escalation crisis",280,44,Twitter Web App,,,,,FALSE,TRUE,0,0,0,0,,,,,,,,,,,,,,x618198359,deerhoof,en,,,,,,,,,,,,,,,,x1278554305176326145,"it is really really weird when both parties are against universal healthcare in a pandemic, defunding the police in a brutal crackdown, green new deal in a climate crisis, redistribution of wealth in an unemployment and housing crisis, demilitarizing in a global escalation crisis",7/2/20 5:01,Twitter Web App,8971,2743,x618198359,deerhoof,ùîªùïñùïñùï£ùïôùï†ùï†ùïó,15259,416,21073,,searchin for the love frequency amidst the high modernist junkpile since 1994,TRUE,,,,,,,NA NA,NA NA,NA NA NA NA NA NA NA NA,https://twitter.com/R_Beaton14/status/1279079886964043777,Nimede,,math-rock liker. trpg appreciator. shouts at the tv. no easy answers.,,FALSE,83,582,16,11405,133711,4/23/15 7:04,FALSE,,,,https://pbs.twimg.com/profile_banners/3197025735/1587834083,http://abs.twimg.com/images/themes/theme1/bg.png,http://pbs.twimg.com/profile_images/1254091121036341248/6xFBoChB_normal.jpg
x931103383,x1279079889421897729,7/3/20 15:49,zhangli72,FISHING ON MUDD LAKE (LEELANAU SERIES) 2007 #Water #Earth #Recycle #healthy #artists #ClimateCrisis #LandscapeArt #ArtistOnTwitter #contemporaryart #Michigan #cleanwater https://t.co/QTv1OfccI5,193,19,FishingGears,,,,,FALSE,TRUE,0,0,0,0,Water Earth Recycle healthy artists ClimateCrisis LandscapeArt,,,,,,,,,,,,,x2459499978,frankjames1974,en,,,,,,,,,,,,,,,,x1279079679912271872,FISHING ON MUDD LAKE (LEELANAU SERIES) 2007 #Water #Earth #Recycle #healthy #artists #ClimateCrisis #LandscapeArt #ArtistOnTwitter #contemporaryart #Michigan #cleanwater https://t.co/QTv1OfccI5,7/3/20 15:48,Twitter Web App,0,1,x2459499978,frankjames1974,Frank James English,120,481,1458,,"Artist, all around creative worker",FALSE,,,,,,,NA NA,NA NA,NA NA NA NA NA NA NA NA,https://twitter.com/zhangli72/status/1279079889421897729,Dave Zhang,,,,FALSE,227,21,4,25151,33,11/7/12 3:08,FALSE,,,,,http://abs.twimg.com/images/themes/theme1/bg.png,http://pbs.twimg.com/profile_images/1188836446410563586/QGDqlSSK_normal.png
x374156845,x1279079893385560064,7/3/20 15:49,Mojocitarita,"This here is a health crisis. An economic crisis. A racial crisis. A democratic crisis. And a climate crisis.

If there's a silver lining to this madness, it is this: It is clearer than ever who will not save us. And clearer than ever that we must save ourselves.

Democratically.",280,48,Twitter for Android,,,,,FALSE,TRUE,0,0,0,0,,,,,,,,,,,,,,x24889586,AnandWrites,en,,,,,,,,,,,,,,,,x1279074007191617543,"This here is a health crisis. An economic crisis. A racial crisis. A democratic crisis. And a climate crisis.

If there's a silver lining to this madness, it is this: It is clearer than ever who will not save us. And clearer than ever that we must save ourselves.

Democratically.",7/3/20 15:26,TweetDeck,239,51,x24889586,AnandWrites,Anand Giridharadas,669076,7821,137,New York,"Writer. @TIME editor-at-large. Author: @WinnersTakeAll, THE TRUE AMERICAN, INDIA CALLING. MSNBC political analyst. @PriyaParker's man. Dad. Tweets auto-delete.",TRUE,,,,,,,NA NA,NA NA,NA NA NA NA NA NA NA NA,https://twitter.com/Mojocitarita/status/1279079893385560064,DoneWithIndividual1‚úçÔ∏è,Florida,Citizen of Earth. Lover of Trees. Outdoor girl forever. Adventurer. Dreamer. Doer. Refurbisher. Resister. Always in need of some nature.,,FALSE,1203,1951,5,80023,232758,9/15/11 20:15,FALSE,,,,,http://abs.twimg.com/images/themes/theme1/bg.png,http://pbs.twimg.com/profile_images/1227383387423477760/cPv6z4GM_normal.jpg
x1074388449686380544,x1279079893528166406,7/3/20 15:49,ClimateChangePK,"Advisor to PM on #ClimateChange Amin Aslam (@aminattock) shares the idea behind Pakistan's ""Protected Areas Initiative‚Äù which will also work towards conservation of wildlife animals apart from restoration of parks.",216,30,Twitter for Android,,,,,TRUE,FALSE,0,0,0,0,ClimateChange,,twitter.com/i/web/status/1‚Ä¶,https://t.co/qVFniDvfyK,https://twitter.com/i/web/status/1279079893528166406,,,,,,,,,x49312457,aminattock,en,x1279043263823900672,Advisor to PM on Climate Change @aminattock is addressing a Press Conference on Protected Area Initiative. https://t.co/gOEM7TkRMa,7/3/20 13:24,Periscope,55,14,x352184105,pid_gov,Govt of Pakistan,1403364,90,44596,"Islamabad, Pakistan","The Official twitter account of Pakistan Government. Your very first stop for the very latest policy announcements, Information & News on Pakistan",TRUE,,,,,,,,,,,,,,,,,,,,,,NA NA,NA NA,NA NA NA NA NA NA NA NA,https://twitter.com/ClimateChangePK/status/1279079893528166406,"Ministry of Climate Change, Govt of Pakistan","Islamabad, Pakistan","Ministry of Climate Change, Government of Pakistan",http://www.mocc.gov.pk/,FALSE,14691,278,45,1518,13,12/16/18 19:39,FALSE,,,,https://pbs.twimg.com/profile_banners/1074388449686380544/1545436671,,http://pbs.twimg.com/profile_images/1076265591432974337/c4sWQAiU_normal.jpg
x983111527497719808,x1279079896619405312,7/3/20 15:49,Sebasti34996356,"""We can still learn a lot from the corona crisis. We can take crises seriously. We can listen to science. We can come together internationally. We can show unimagined solidarity for one another."" I spoke to @NPR about Corona and the climate, it's out now.https://t.co/R7iMxCJ9kT",278,45,Twitter for Android,,,,,FALSE,TRUE,0,0,0,0,,,,,,,,,,,,,,x1068337838,Luisamneubauer,en,,,,,,,,,,,,,,,,x1279071356135649280,"""We can still learn a lot from the corona crisis. We can take crises seriously. We can listen to science. We can come together internationally. We can show unimagined solidarity for one another."" I spoke to @NPR about Corona and the climate, it's out now.https://t.co/R7iMxCJ9kT",7/3/20 15:15,Twitter Web App,167,32,x1068337838,Luisamneubauer,Luisa Neubauer,142676,1152,2769,"Berlin, Germany",climate activist with #fridaysforfuture ‚Ä¢ geography student ‚Ä¢ runner ‚Ä¢ columnist & writer // contact.luisa.neubauer@gmail.com,TRUE,,,,,,,NA NA,NA NA,NA NA NA NA NA NA NA NA,https://twitter.com/Sebasti34996356/status/1279079896619405312,Sebastian Benner,Deutschland,"Tesla, SpaceX, electric vehicles, The Boring Company, climate crisis, member of Pro Asyl, retweets ‚â† endorsements, like = read",,FALSE,189,46,2,27522,42206,4/8/18 22:37,FALSE,,,,https://pbs.twimg.com/profile_banners/983111527497719808/1539814207,,http://pbs.twimg.com/profile_images/1047247139401859073/iecVOHjh_normal.jpg
x2915722919,x1279079898489880577,7/3/20 15:49,kb_leecaster,"‚ÄúThe number &amp; cost of disasters are increasing over time due to a combination of increased exposure, vulnerability, &amp; the fact that climate change is increasing the frequency of some types of extremes that lead to billion-dollar disasters.‚Äù #ActOnClimate https://t.co/7K6yid76ok",290,40,Twitter for Android,,,,,FALSE,TRUE,0,0,0,0,,,,,,,,,,,,,,x536253310,YECAction,en,,,,,,,,,,,,,,,,x1279032392317984768,"‚ÄúThe number &amp; cost of disasters are increasing over time due to a combination of increased exposure, vulnerability, &amp; the fact that climate change is increasing the frequency of some types of extremes that lead to billion-dollar disasters.‚Äù #ActOnClimate https://t.co/7K6yid76ok",7/3/20 12:41,TweetDeck,1,1,x536253310,YECAction,Young Evangelicals for Climate Action,2426,863,6899,United States,We are coming together & taking action to overcome the climate crisis as part of our Christian discipleship & witness.,FALSE,,,,,,,NA NA,NA NA,NA NA NA NA NA NA NA NA,https://twitter.com/kb_leecaster/status/1279079898489880577,üåé Kevin Leecaster (‚ßñ),"SL,UT",Born when [CO2] was 322 ppm. Retweets not meant as endorsements. This is what democracy looks like when people don't vote.,,FALSE,1787,3051,113,115689,55765,12/11/14 15:59,FALSE,,,,https://pbs.twimg.com/profile_banners/2915722919/1590987111,http://abs.twimg.com/images/themes/theme1/bg.png,http://pbs.twimg.com/profile_images/1264964099462455297/koDOaw4i_normal.jpg
x1271145107987849216,x1279079899312128001,7/3/20 15:49,DBlaskey,"Increasing temperature and wildfire activity, melting #permafrost and ice. The Arctic is the front line of #climatechange and it is already affecting some of our most vulnerable communities. Environmental justice is part of #BLM and #IndigenousLivesMatter

https://t.co/lTPKNum0P7",280,36,Twitter Web App,,,,,FALSE,FALSE,0,0,0,0,permafrost,,twitter.com/i/web/status/1‚Ä¶,https://t.co/j5fiPEqlyd,https://twitter.com/i/web/status/1279079899312128001,,,,,,,,,,,en,,,,,,,,,,,,,,,,,,,,,,,,,,,,,,,,,,,,,NA NA,NA NA,NA NA NA NA NA NA NA NA,https://twitter.com/DBlaskey/status/1279079899312128001,Dylan Blaskey,,"Researcher and PhD Candidate at CU Boulder. Working at the intersection of hydrology, infrastructure, and risk to indigenous people. Tweets are mine.",,FALSE,9,194,0,4,1,6/11/20 18:19,FALSE,,,,,,http://pbs.twimg.com/profile_images/1271145265332969472/Iz6ugdbu_normal.jpg
x1205427039064297472,x1279079909554483201,7/3/20 15:49,lisaandnoahcat1,"High temperatures are re-igniting these ‚Äúzombie fires‚Äù in #Siberia.

More than 3 million hectares of valuable forests are currently burning, hundreds of megatons of carbon dioxide released into the atmosphere.

#MegaFires #ClimateEmergency

https://t.co/anDqVKQlfD",268,30,Twitter for Android,,,,,FALSE,TRUE,0,0,0,0,Siberia,,,,,,,,,,,,,x3459051,Greenpeace,en,,,,,,,,,,,,,,,,x1279007701520003073,"High temperatures are re-igniting these ‚Äúzombie fires‚Äù in #Siberia.

More than 3 million hectares of valuable forests are currently burning, hundreds of megatons of carbon dioxide released into the atmosphere.

#MegaFires #ClimateEmergency

https://t.co/anDqVKQlfD",7/3/20 11:02,Hootsuite Inc.,125,114,x3459051,Greenpeace,Greenpeace,1879497,4026,63005,Global,Greenpeace exists because this fragile Earth deserves a voice. It needs solutions. It needs change. It needs action.,TRUE,,,,,,,NA NA,NA NA,NA NA NA NA NA NA NA NA,https://twitter.com/lisaandnoahcat1/status/1279079909554483201,lisaüê±& noahüò∫the catsüêæüêàüåèüå≥üê≥üê¢üíöüïäÔ∏è,world with cats,iüíócatsüò∫ #BLM #EqualityForAll anti-nuke‚òÆÔ∏è i support #FridaysforFutureüåçüå± #ClimateStrikeüåéüå≥ #VictimsofDomesticViolenceüö® and‚Äç #ChildAbuseüë∂üë©üò∫‚ôøüåàüå±üå≥üåèüê≥üôèüíö,,FALSE,165,902,2,10185,16467,12/13/19 10:05,FALSE,,,,https://pbs.twimg.com/profile_banners/1205427039064297472/1591783704,,http://pbs.twimg.com/profile_images/1253937552312041472/vklrhd-c_normal.jpg
x381516788,x1279079916026372096,7/3/20 15:49,SorenHave,"Mustread thread  (and paper, it seems). Because, as @giulio_mattioli rightly says: ‚ÄúTransport climate mitigation is the story of a widening gap between aspirations &amp; reality.‚Äù
#dkgreen #dktrp #dkpol",206,27,Twitter for iPhone,,,,,TRUE,FALSE,0,0,0,0,,,twitter.com/i/web/status/1‚Ä¶,https://t.co/Ow6qIZPBrf,https://twitter.com/i/web/status/1279079916026372096,,,,,,,,,x17645466,giulio_mattioli,en,x1278784641013514241,"You know when someone accepts man-made climate change, but then explains why we should do nothing about it? 

We call these ""Discourses of #ClimateDelay"" &amp; there are 12 of them. We've written a paper about it https://t.co/X6YHp0h7O2

THREAD with examples from the transport sector https://t.co/XN8Yg6SLAT",7/2/20 20:16,Twitter Web App,294,170,x17645466,giulio_mattioli,Giulio Mattioli,3371,4036,20367,"Dortmund, Germany",Transport researcher vith views on + than 1 topic - üá™üá∫üáÆüáπ citizen with views on + than 1 country. Used to be in üá¨üáß. Now at @TU_Dortmund üá©üá™. Views my own,FALSE,,,,,,,,,,,,,,,,,,,,,,NA NA,NA NA,NA NA NA NA NA NA NA NA,https://twitter.com/SorenHave/status/1279079916026372096,S√∏ren Have,"Frederiksberg, Hovedstaden","Making transport attractive, efficient & sustainable at @ramboll | Father | Climate Hawk | Math Ph.D | #EV-owner | #Frederiksberg | #dktrp | #dkgreen | #dkpol",http://www.sorenhave.dk/blog/,FALSE,3492,399,284,88183,122,9/28/11 13:33,FALSE,,,,https://pbs.twimg.com/profile_banners/381516788/1526243362,http://abs.twimg.com/images/themes/theme13/bg.gif,http://pbs.twimg.com/profile_images/922163564718288896/2ctNVC4w_normal.jpg
x2875700829,x1279079919771844611,7/3/20 15:49,AmericAnon57,"Two of the world‚Äôs leading development banks have pumped billions of dollars into the global livestock sector, despite warnings that reducing meat and dairy consumption is essential for tackling the #climatecrisis.

https://t.co/xYUOx027pu",241,31,Twitter for Android,,,,,FALSE,TRUE,0,0,0,0,,,,,,,,,,,,,,x337808606,RobertKennedyJr,en,,,,,,,,,,,,,,,,x1279068042132099073,"Two of the world‚Äôs leading development banks have pumped billions of dollars into the global livestock sector, despite warnings that reducing meat and dairy consumption is essential for tackling the #climatecrisis.

https://t.co/xYUOx027pu",7/3/20 15:02,Twitter Web App,96,56,x337808606,RobertKennedyJr,Robert F. Kennedy Jr,132589,566,3717,"Los Angles, California","Robert F. Kennedy, Jr. is founder + chairman of @Waterkeeper + @ChildrensH + co-counsel in #Monsanto #Roundup litigation.",TRUE,,,,,,,NA NA,NA NA,NA NA NA NA NA NA NA NA,https://twitter.com/AmericAnon57/status/1279079919771844611,AmericAnon üåüüåüüåü,,"Married Christian Conservative Pro-Life Pro-2A #PatriotsUnited #AmericaFirst #SupportOurTroops #MAGA #WWG1WGA
           üö´Lists üö´Porn üö´Trolls üö´Solicitors",,FALSE,43061,42517,9,87028,48487,11/13/14 22:18,FALSE,,,,https://pbs.twimg.com/profile_banners/2875700829/1586532766,http://abs.twimg.com/images/themes/theme1/bg.png,http://pbs.twimg.com/profile_images/1210361326612209665/eipqiXDo_normal.jpg
x969493747238100992,x1279079921529356288,7/3/20 15:49,LuckyHeronSay,"Can someone please explain to me how joining any of the smaller socialist parties, or workers party, or any other party without MPs, can stand any chance of getting power in the ltd time we have, considering climate emergency?",226,39,Twitter for Android,,x1279070170506579968,x969493747238100992,LuckyHeronSay,FALSE,FALSE,0,0,0,0,,,twitter.com/i/web/status/1‚Ä¶,https://t.co/4UyfYHVZBt,https://twitter.com/i/web/status/1279079921529356288,,,,,,,,,,,en,,,,,,,,,,,,,,,,,,,,,,,,,,,,,,,,,,,,,NA NA,NA NA,NA NA NA NA NA NA NA NA,https://twitter.com/LuckyHeronSay/status/1279079921529356288,TheLuckyHeronüåç,"City of London, London",Railing against late stage capitalism in the anthropocene.,https://youtu.be/niwNTI9Nqd8,FALSE,27448,5321,80,22859,123751,3/2/18 8:44,FALSE,,,,https://pbs.twimg.com/profile_banners/969493747238100992/1592835923,,http://pbs.twimg.com/profile_images/1197177687216984064/pJXHcyu-_normal.jpg
x1195004084866015232,x1279079934338555910,7/3/20 15:49,Mingmrlama,"School strike week 98. The climate crisis doesn‚Äôt go on summer holiday, so we keep on protesting.
#climatestrikeonline  #StayAtHome #fridaysforfuture #schoolstrike4climate #flattenthecurve https://t.co/CwOYO50POR",214,22,Twitter for Android,,,,,FALSE,TRUE,0,0,0,0,climatestrikeonline,,,,,,,,,,,,,x1006419421244678144,GretaThunberg,en,,,,,,,,,,,,,,,,x1278994569611431937,"School strike week 98. The climate crisis doesn‚Äôt go on summer holiday, so we keep on protesting.
#climatestrikeonline  #StayAtHome #fridaysforfuture #schoolstrike4climate #flattenthecurve https://t.co/CwOYO50POR",7/3/20 10:10,Twitter for iPhone,11527,1628,x1006419421244678144,GretaThunberg,Greta Thunberg,4157666,1958,7329,Sverige,17 year old climate and environmental activist with Asperger‚Äôs  #climatestrike #fridaysforfuture #schoolstrike4climate,TRUE,,,,,,,NA NA,NA NA,NA NA NA NA NA NA NA NA,https://twitter.com/Mingmrlama/status/1279079934338555910,@MingmarLama$@#!,,"Just A Happy Buddhist Who Loves Artsüé®, Factsüìò, Peopleüë•, Natureü¶ã",,FALSE,89,109,0,11517,11906,11/14/19 15:43,FALSE,,,,https://pbs.twimg.com/profile_banners/1195004084866015232/1578910837,,http://pbs.twimg.com/profile_images/1221810203617718273/VVIrze-C_normal.jpg
x1210220221,x1279079937849413634,7/3/20 15:49,GlosGreen,"School strike week 98. The climate crisis doesn‚Äôt go on summer holiday, so we keep on protesting.
#climatestrikeonline  #StayAtHome #fridaysforfuture #schoolstrike4climate #flattenthecurve https://t.co/CwOYO50POR",214,22,Twitter Web App,,,,,FALSE,TRUE,0,0,0,0,climatestrikeonline,,,,,,,,,,,,,x1006419421244678144,GretaThunberg,en,,,,,,,,,,,,,,,,x1278994569611431937,"School strike week 98. The climate crisis doesn‚Äôt go on summer holiday, so we keep on protesting.
#climatestrikeonline  #StayAtHome #fridaysforfuture #schoolstrike4climate #flattenthecurve https://t.co/CwOYO50POR",7/3/20 10:10,Twitter for iPhone,11528,1629,x1006419421244678144,GretaThunberg,Greta Thunberg,4157656,1958,7329,Sverige,17 year old climate and environmental activist with Asperger‚Äôs  #climatestrike #fridaysforfuture #schoolstrike4climate,TRUE,,,,,,,NA NA,NA NA,NA NA NA NA NA NA NA NA,https://twitter.com/GlosGreen/status/1279079937849413634,matthew sidford,"Gloucester, UK",Very stable genius. http://stopecocide.earth  #ExtinctionRebellion #GreenParty Born 320ppm,,FALSE,2279,4932,121,102526,46926,2/23/13 0:51,FALSE,,,,https://pbs.twimg.com/profile_banners/1210220221/1558299954,http://abs.twimg.com/images/themes/theme5/bg.gif,http://pbs.twimg.com/profile_images/1064653936404004864/j8Yi6YeW_normal.jpg
x2275375608,x1279079942324699138,7/3/20 15:49,arclight2011,"Despite a 9.5 per cent emissions reduction this year, Ireland will still fail to meet its 2030 climate targets in the absence of systemic change 

https://t.co/kdW589uH1E",170,26,Twitter Web App,,,,,FALSE,TRUE,0,0,0,0,,,,,,,,,,,,,,x2579114113,Niall_Sargent,en,,,,,,,,,,,,,,,,x1279075788206354435,"Despite a 9.5 per cent emissions reduction this year, Ireland will still fail to meet its 2030 climate targets in the absence of systemic change 

https://t.co/kdW589uH1E",7/3/20 15:33,Twitter Web App,2,2,x2579114113,Niall_Sargent,Niall Sargent,3081,1207,6681,Dublin,"Investigative reporter @noteworthy_ie by @thejournal_ie | Data, FOI/AIE & Environmental Law | niallsargent@noteworthy.ie | Threema - PHPD5A3C",FALSE,,,,,,,NA NA,NA NA,NA NA NA NA NA NA NA NA,https://twitter.com/arclight2011/status/1279079942324699138,sean mcgee,Ireland,,http://nuclear-news.net,FALSE,559,662,56,62608,42345,1/4/14 1:43,FALSE,,,,https://pbs.twimg.com/profile_banners/2275375608/1564777999,http://abs.twimg.com/images/themes/theme1/bg.png,http://pbs.twimg.com/profile_images/808614161135636481/p0aICRAU_normal.jpg
x4220184639,x1279079950256164864,7/3/20 15:49,Climate_Refugee,THE WEEK IN REVIEW ‚Äî snapshot of stories we told. Head to SPOTLIGHT &amp; PERSPECTIVES for more: https://t.co/Luvt4dAnwc #climaterefugees #climatechange #migration #displacement #news #race #climatejustice #NY #NYC #climate https://t.co/VgWSkwDn7A,249,29,Twitter for iPhone,140,,,,FALSE,FALSE,0,0,0,0,,,twitter.com/i/web/status/1‚Ä¶,https://t.co/Te2PxCIvhR,https://twitter.com/i/web/status/1279079950256164864,,,,,,,,,,,en,,,,,,,,,,,,,,,,,,,,,,,,,,,,,,,,,,,,,NA NA,NA NA,NA NA NA NA NA NA NA NA,https://twitter.com/Climate_Refugee/status/1279079950256164864,Climate Refugees,,We conduct research and advocacy that calls for the protection of those displaced by climate change. Follow for our topical daily global news & expert analysis.,http://www.Climate-Refugees.org,FALSE,850,375,28,450,276,11/18/15 18:58,FALSE,,,,https://pbs.twimg.com/profile_banners/4220184639/1447884012,http://abs.twimg.com/images/themes/theme1/bg.png,http://pbs.twimg.com/profile_images/903714582052700160/YtHXS6CJ_normal.jpg
x2389910874,x1279079955062718466,7/3/20 15:50,RSForste,The bankers who pushed energy companies to cut every possible corner to make as much money as possible will not save us from climate change as board members or came-to-Jesus CEOs of green advocacy groups.,204,35,Twitter Web App,,,,,FALSE,TRUE,0,0,0,0,,,,,,,,,,,,,,x24889586,AnandWrites,en,,,,,,,,,,,,,,,,x1279071565389238274,The bankers who pushed energy companies to cut every possible corner to make as much money as possible will not save us from climate change as board members or came-to-Jesus CEOs of green advocacy groups.,7/3/20 15:16,TweetDeck,407,67,x24889586,AnandWrites,Anand Giridharadas,669076,7821,137,New York,"Writer. @TIME editor-at-large. Author: @WinnersTakeAll, THE TRUE AMERICAN, INDIA CALLING. MSNBC political analyst. @PriyaParker's man. Dad. Tweets auto-delete.",TRUE,,,,,,,NA NA,NA NA,NA NA NA NA NA NA NA NA,https://twitter.com/RSForste/status/1279079955062718466,RS Forste,Oort cloud,No political parties are needed,http://literaethereality.wordpress.com/,FALSE,378,2415,0,1164,13093,3/14/14 21:54,FALSE,,,,https://pbs.twimg.com/profile_banners/2389910874/1545412662,http://abs.twimg.com/images/themes/theme10/bg.gif,http://pbs.twimg.com/profile_images/1076165107518984192/FLCfo7pG_normal.jpg
x1109363724161347584,x1279079955196977152,7/3/20 15:50,Izhar788,Advisor to PM on Climate Change @aminattock is addressing a Press Conference on Protected Area Initiative. https://t.co/gOEM7TkRMa,130,17,Twitter for Android,,,,,FALSE,TRUE,0,0,0,0,,,,,,,,,,,,,,x352184105 x49312457,pid_gov aminattock,en,,,,,,,,,,,,,,,,x1279043263823900672,Advisor to PM on Climate Change @aminattock is addressing a Press Conference on Protected Area Initiative. https://t.co/gOEM7TkRMa,7/3/20 13:24,Periscope,56,15,x352184105,pid_gov,Govt of Pakistan,1403364,90,44596,"Islamabad, Pakistan","The Official twitter account of Pakistan Government. Your very first stop for the very latest policy announcements, Information & News on Pakistan",TRUE,,,,,,,NA NA,NA NA,NA NA NA NA NA NA NA NA,https://twitter.com/Izhar788/status/1279079955196977152,Mrs.Raza,,,,FALSE,211,10,1,34614,39982,3/23/19 7:58,FALSE,,,,,,http://abs.twimg.com/sticky/default_profile_images/default_profile_normal.png
x41160276,x1279079955662614530,7/3/20 15:50,prageru,"Climate change: How big a threat is it? What are the best solutions? 

We want to hear from you! Take the survey üëâhttps://t.co/B2XTyQVaA1 https://t.co/L6OeyADcQF",164,24,Twitter Media Studio,140,,,,FALSE,FALSE,0,0,0,0,,,twitter.com/i/web/status/1‚Ä¶,https://t.co/1JxIuc8WOb,https://twitter.com/i/web/status/1279079955662614530,,,,,,,,,,,en,,,,,,,,,,,,,,,,,,,,,,,,,,,,,,,,,,,,,NA NA,NA NA,NA NA NA NA NA NA NA NA,https://twitter.com/prageru/status/1279079955662614530,PragerU,Los Angeles,Free Videos. Free Minds.,http://www.prageru.com,FALSE,456807,7331,2025,44038,13156,5/19/09 17:18,TRUE,,,,https://pbs.twimg.com/profile_banners/41160276/1579650070,http://abs.twimg.com/images/themes/theme1/bg.png,http://pbs.twimg.com/profile_images/1188862949986725888/x7HIruKT_normal.jpg
x717036122837266432,x1279079956488892418,7/3/20 15:50,liberal1235,"Following #LCAW2020, read the Special Report commissioned by the #OceanPanel which explores policies and innovations that could advance ocean-based strategies for #ClimateChange. Read here: https://t.co/QYW1dwJ9Z2 https://t.co/hCJSjK3BKx",237,26,Twitter for iPad,,,,,FALSE,TRUE,0,0,0,0,LCAW2020 OceanPanel,,,,,,,,,,,,,x1022601625897197568,oceanpanel,en,,,,,,,,,,,,,,,,x1278716112281239554,"Following #LCAW2020, read the Special Report commissioned by the #OceanPanel which explores policies and innovations that could advance ocean-based strategies for #ClimateChange. Read here: https://t.co/QYW1dwJ9Z2 https://t.co/hCJSjK3BKx",7/2/20 15:44,Twitter Web App,3,4,x1022601625897197568,oceanpanel,@OceanPanel,3495,1122,1488,,"Catalyzing bold, pragmatic solutions for #Ocean health & wealth that support the #SDGs & build a better future for people & the planet #OceanEconomy #OceanPanel",FALSE,,,,,,,NA NA,NA NA,NA NA NA NA NA NA NA NA,https://twitter.com/liberal1235/status/1279079956488892418,Tom,Norge,Sosialliberaler i MDG og litt ortodoks humanist.  Tar BA i Statsvitenskap ved UiS. St√∏tter blant annet: üò∑üß¢üè≥Ô∏è‚Äçüåà,,FALSE,119,153,0,3691,7191,4/4/16 17:08,FALSE,,,,https://pbs.twimg.com/profile_banners/717036122837266432/1492945142,http://abs.twimg.com/images/themes/theme1/bg.png,http://pbs.twimg.com/profile_images/1192009251629273089/0lOA9arT_normal.jpg
x4878220792,x1279079957759696896,7/3/20 15:50,CLymbersky,Congrats to @CLymbersky Dr. Christoph Lymbersky for being our Project of the Week https://t.co/ht3yU7JCBa Naturr is a #Kickstarter project to track your own CO2 balance and compensate your CO2 emission by planting trees and follow their growth via the Naturr app. #climatechange https://t.co/xCVvLC4Qgo,302,43,Twitter for iPhone,,,,,FALSE,TRUE,0,0,0,0,,,hprs.co/naturr,https://t.co/ht3yU7JCBa,https://hprs.co/naturr,,,,,,,,,x4088606293 x4878220792,hyperstarter CLymbersky,en,,,,,,,,,,,,,,,,x1278689141610422273,Congrats to @CLymbersky Dr. Christoph Lymbersky for being our Project of the Week https://t.co/ht3yU7JCBa Naturr is a #Kickstarter project to track your own CO2 balance and compensate your CO2 emission by planting trees and follow their growth via the Naturr app. #climatechange https://t.co/xCVvLC4Qgo,7/2/20 13:57,Sprout Social,0,1,x4088606293,hyperstarter,Hyperstarter,2135,69,25378,United Kingdom,Helping #Kickstarter / #Indiegogo / #Crowdfunding campaigns. Hyperstarter is a must-use analytics tool that checks pages & offers valuable campaign advice.,FALSE,,,,,,,NA NA,NA NA,NA NA NA NA NA NA NA NA,https://twitter.com/CLymbersky/status/1279079957759696896,Dr. Christoph Lymbersky,"Hamburg, Deutschland",CEO at coinIX,https://www.blockchance.vc,FALSE,2191,165,8,202,311,2/5/16 16:41,FALSE,,,,https://pbs.twimg.com/profile_banners/4878220792/1571597157,http://abs.twimg.com/images/themes/theme1/bg.png,http://pbs.twimg.com/profile_images/1185990547724521477/B3IC0R93_normal.jpg
x108289483,x1279079961631096833,7/3/20 15:50,YESWECAN53,"Germany, Netherlands, and Denmark are building an island that will provide renewable energy to 80 million people. 

We have the solutions. Time to ditch fossil fuels and implement them.

#ClimateEmergency #Climate #Action #solar #renewables #tech #GreenNewDeal https://t.co/JbkTWOcVak",284,36,Twitter Web App,,,,,FALSE,TRUE,0,0,0,0,,,,,,,,,,,,,,x15088481,MikeHudema,en,,,,,,,,,,,,,,,,x1278891825592520704,"Germany, Netherlands, and Denmark are building an island that will provide renewable energy to 80 million people. 

We have the solutions. Time to ditch fossil fuels and implement them.

#ClimateEmergency #Climate #Action #solar #renewables #tech #GreenNewDeal https://t.co/JbkTWOcVak",7/3/20 3:22,Buffer,239,164,x15088481,MikeHudema,Mike Hudema,128146,39535,30166,Unceded Squamish Territory,"#Climate Campaigner focusing on addressing the #climatecrisis, building #greenjobs & a #GreenNewDeal. Let's join together and change the world!",TRUE,,,,,,,NA NA,NA NA,NA NA NA NA NA NA NA NA,https://twitter.com/YESWECAN53/status/1279079961631096833,Evieira,,"https://t.co/AGfVmtVOwI  https://t.co/ajQO35ABBn #welive4love,#welive2love,#peaceiscool ,#ORGANIC,#plantatree,#thespot4us,#HEMP,GREEN,ECO FRIENDLY,#ClimateChange",https://thelusonauta.blogspot.com/,FALSE,1613,2014,110,32669,1923,1/25/10 13:23,FALSE,,,,https://pbs.twimg.com/profile_banners/108289483/1445713119,http://abs.twimg.com/images/themes/theme1/bg.png,http://pbs.twimg.com/profile_images/657995087524204544/i-Xt3l4B_normal.jpg
x1250565558963240964,x1279079965082947586,7/3/20 15:50,climate_fact,"Let this sink in:

#ClimateAlarmists want you to STARVE
for their #ClimateChangeHoax

It's actually always been the endgame,
just like the #Plandemic https://t.co/WTIJeeuHpC",173,19,Climate Change Fact Check,,,,,TRUE,TRUE,0,0,0,0,ClimateAlarmists ClimateChangeHoax,,,,,,,,,,,,,x590211920,libertytarian,en,x1279068221606428676,"Two of the world‚Äôs leading development banks have pumped billions of dollars into the global livestock sector, despite warnings that reducing meat and dairy consumption is essential for tackling the #climatecrisis.

https://t.co/iv2T9FttuC",7/3/20 15:03,TweetDeck,12,6,x794398806078955521,roryekennedy,Rory Kennedy,1768,532,955,"Los Angeles, CA","Oscar-nominated, Emmy Award-winning filmmaker who continues to fight for social justice and human rights, and advocates for climate action.",FALSE,x1279079709142286337,"Let this sink in:

#ClimateAlarmists want you to STARVE
for their #ClimateChangeHoax

It's actually always been the endgame,
just like the #Plandemic https://t.co/WTIJeeuHpC",7/3/20 15:49,Twitter Web App,2,1,x590211920,libertytarian,David Knight,127708,182,17608,TX,"LIVE Mon-Fri 9am-noon EST/Real News w David Knight/VIDEO http://bit.ly/3dZOVtU / PODCASTS: iTunes, TuneIn, iHeart / EMAIL:DavidKnightShow@protonmail.com",FALSE,,,,,,,NA NA,NA NA,NA NA NA NA NA NA NA NA,https://twitter.com/climate_fact/status/1279079965082947586,Climate Change Dummies,,I retweet climate change denying idiots,,FALSE,34,0,3,2288,0,4/15/20 23:24,FALSE,,,,,,http://pbs.twimg.com/profile_images/1250568850409771009/qL8AS-KJ_normal.jpg
x558220634,x1279079970917289988,7/3/20 15:50,SteveCrawford11,JUST LIKE THE CLIMATE CHANGE THAT HAS BEEN GOING ON FOR 50 MIL. YRS.--AND WE ARE EXPECTED TO CHANGE WHAT THE GALAXIE IS DOING---???,131,24,Twitter Web App,,,,,TRUE,FALSE,0,0,0,0,,,twitter.com/i/web/status/1‚Ä¶,https://t.co/r5DuRtU592,https://twitter.com/i/web/status/1279079970917289988,,,,,,,,,,,en,x1279078978737680385,@SteveCrawford11 https://t.co/9fNzri6E9i,7/3/20 15:46,Twitter Web App,1,0,x1242110971138551813,Qwarrior15,T,1173,910,210,Canada,,FALSE,,,,,,,,,,,,,,,,,,,,,,NA NA,NA NA,NA NA NA NA NA NA NA NA,https://twitter.com/SteveCrawford11/status/1279079970917289988,Steve Crawford,Kingston On. Canada,"HAPPY IN MY LITTLE HIDEAWAY--!!!
WAITING FOR MY ""OAS"" RAISE--???",,FALSE,667,2369,5,579,733,4/20/12 1:38,FALSE,,,,,http://abs.twimg.com/images/themes/theme1/bg.png,http://pbs.twimg.com/profile_images/1252253499146076160/BQrG0zQL_normal.jpg
x966495168,x1279079974109151236,7/3/20 15:50,gkrad9,The bankers who pushed energy companies to cut every possible corner to make as much money as possible will not save us from climate change as board members or came-to-Jesus CEOs of green advocacy groups.,204,35,Twitter for Android,,,,,FALSE,TRUE,0,0,0,0,,,,,,,,,,,,,,x24889586,AnandWrites,en,,,,,,,,,,,,,,,,x1279071565389238274,The bankers who pushed energy companies to cut every possible corner to make as much money as possible will not save us from climate change as board members or came-to-Jesus CEOs of green advocacy groups.,7/3/20 15:16,TweetDeck,409,68,x24889586,AnandWrites,Anand Giridharadas,669076,7821,137,New York,"Writer. @TIME editor-at-large. Author: @WinnersTakeAll, THE TRUE AMERICAN, INDIA CALLING. MSNBC political analyst. @PriyaParker's man. Dad. Tweets auto-delete.",TRUE,,,,,,,NA NA,NA NA,NA NA NA NA NA NA NA NA,https://twitter.com/gkrad9/status/1279079974109151236,Greg Future is Electric #ClimateActionNow,"Richmond Hill, Ontario","üá®üá¶‚ù§üáøüá¶üçÅüèÄüçÄüö¥‚Äç‚ôÇÔ∏èüåµüê∂üå≥ü¶áüå¥‚òÄÔ∏èüå≤üéìüçïüåçüå° Racism, hate, violence, ignorance, sexism, misogyny, anti semitism, homophobia just makes enemies of people.",,FALSE,1028,4333,26,117966,171539,11/23/12 17:24,FALSE,,,,https://pbs.twimg.com/profile_banners/966495168/1592145937,http://abs.twimg.com/images/themes/theme1/bg.png,http://pbs.twimg.com/profile_images/2886408465/fed827fd171a7fbbb63192c97b771c66_normal.jpeg
x40628438,x1279079977816854528,7/3/20 15:50,HansTheGerman,What can we learn from the response to #COVID„Éº19 for stabilizing our #climate? July 9 panel led by @NYT Climate editor @hfairfield with @Luisamneubauer @topnigel @daynatweets @CFigueres @bertrandpiccard &amp; Earth scientist @jrockstrom @PIK_Climate. Register:https://t.co/VfastkANIX,285,34,Twitter Web App,,,,,FALSE,TRUE,0,0,0,0,COVID„Éº19 climate,,,,,,,,,,,,,x614249266 x1255671,PIK_Climate NYT,en,,,,,,,,,,,,,,,,x1279067064993558529,What can we learn from the response to #COVID„Éº19 for stabilizing our #climate? July 9 panel led by @NYT Climate editor @hfairfield with @Luisamneubauer @topnigel @daynatweets @CFigueres @bertrandpiccard &amp; Earth scientist @jrockstrom @PIK_Climate. Register:https://t.co/VfastkANIX,7/3/20 14:58,Twitter Web App,1,2,x614249266,PIK_Climate,Potsdam Institute,13317,224,4737,Potsdam,"The Potsdam Institute for Climate Impact Research studies global change, #climate & #sustainability issues. Tweets from the comms team. GERMAN here: @PIK_Klima",FALSE,,,,,,,NA NA,NA NA,NA NA NA NA NA NA NA NA,https://twitter.com/HansTheGerman/status/1279079977816854528,Hans The German,Germany,"Dont dream - do it !  Reduce to the max - 
null Wachstum auf Kosten der Umwelt +unserer Nachkommen
Wann begreifen alle, da√ü es eine Umkehr geben mu√ü? SOFORT",,FALSE,876,2534,201,151901,86148,5/17/09 8:14,FALSE,,,,,http://abs.twimg.com/images/themes/theme1/bg.png,http://pbs.twimg.com/profile_images/3012106875/596e712c99a38ec69b925b7f7ab71986_normal.jpeg
x612931307,x1279079978970177537,7/3/20 15:50,ADevotedYogi,"@ADevotedYogi @jl_therapy @NikolovScience Saying ""climate change"" served 2 goals. 
1 to claim any change in the climate was evidence &amp; stoke fear. It's hot CC. It's cold CC. It dry CC. Its raining CC. It's the perfect unfalsifiable claim.",242,39,Twitter for Android,,,,,FALSE,TRUE,0,0,0,0,,,,,,,,,,,,,,x1090005951162302471 x612931307 x1302169776 x884455440293269505,TheTabernakle ADevotedYogi jl_therapy NikolovScience,en,,,,,,,,,,,,,,,,x1278564763501543424,"@ADevotedYogi @jl_therapy @NikolovScience Saying ""climate change"" served 2 goals. 
1 to claim any change in the climate was evidence &amp; stoke fear. It's hot CC. It's cold CC. It dry CC. Its raining CC. It's the perfect unfalsifiable claim.",7/2/20 5:42,Twitter Web App,1,1,x1090005951162302471,TheTabernakle,Zardoz,291,373,10194,,GODhead,FALSE,,,,,,,NA NA,NA NA,NA NA NA NA NA NA NA NA,https://twitter.com/ADevotedYogi/status/1279079978970177537,A Devoted Yogi,"fabulous Las Vegas, NV","Ayurvedic Living, Life Enthusiast, Functional Nutrition, Longevity.
N also Observations & a commentary on current events.
http://LinkedIn.com/in/Chattem",http://www.instagram.com/adevotedyogi,FALSE,373943,131233,2777,191820,153975,6/19/12 23:00,FALSE,,,,https://pbs.twimg.com/profile_banners/612931307/1445211832,http://abs.twimg.com/images/themes/theme19/bg.gif,http://pbs.twimg.com/profile_images/905507149865828352/z9PAficQ_normal.jpg
x612931307,x1279079992689700865,7/3/20 15:50,ADevotedYogi,"@ADevotedYogi @jl_therapy @NikolovScience The term ""climate change"" is a very clever catch-22. It was created because ""global warming"" wasn't working &amp; being laughed at. Obviously the planet wasn't warming as fast(or at all) as alarmist were hysterically claiming so they needed something new.",297,43,Twitter for Android,,,,,FALSE,TRUE,0,0,0,0,,,,,,,,,,,,,,x1090005951162302471 x612931307 x1302169776 x884455440293269505,TheTabernakle ADevotedYogi jl_therapy NikolovScience,en,,,,,,,,,,,,,,,,x1278564600011726848,"@ADevotedYogi @jl_therapy @NikolovScience The term ""climate change"" is a very clever catch-22. It was created because ""global warming"" wasn't working &amp; being laughed at. Obviously the planet wasn't warming as fast(or at all) as alarmist were hysterically claiming so they needed something new.",7/2/20 5:42,Twitter Web App,1,1,x1090005951162302471,TheTabernakle,Zardoz,291,373,10194,,GODhead,FALSE,,,,,,,NA NA,NA NA,NA NA NA NA NA NA NA NA,https://twitter.com/ADevotedYogi/status/1279079992689700865,A Devoted Yogi,"fabulous Las Vegas, NV","Ayurvedic Living, Life Enthusiast, Functional Nutrition, Longevity.
N also Observations & a commentary on current events.
http://LinkedIn.com/in/Chattem",http://www.instagram.com/adevotedyogi,FALSE,373943,131233,2777,191820,153975,6/19/12 23:00,FALSE,,,,https://pbs.twimg.com/profile_banners/612931307/1445211832,http://abs.twimg.com/images/themes/theme19/bg.gif,http://pbs.twimg.com/profile_images/905507149865828352/z9PAficQ_normal.jpg
x951432917917622274,x1279079979767250947,7/3/20 15:50,SaphiraBrendan,"Let this sink in:

#ClimateAlarmists want you to STARVE
for their #ClimateChangeHoax

It's actually always been the endgame,
just like the #Plandemic https://t.co/WTIJeeuHpC",173,19,Twitter Web App,,,,,TRUE,TRUE,0,0,0,0,ClimateAlarmists ClimateChangeHoax,,,,,,,,,,,,,x590211920,libertytarian,en,x1279068221606428676,"Two of the world‚Äôs leading development banks have pumped billions of dollars into the global livestock sector, despite warnings that reducing meat and dairy consumption is essential for tackling the #climatecrisis.

https://t.co/iv2T9FttuC",7/3/20 15:03,TweetDeck,12,6,x794398806078955521,roryekennedy,Rory Kennedy,1768,532,955,"Los Angeles, CA","Oscar-nominated, Emmy Award-winning filmmaker who continues to fight for social justice and human rights, and advocates for climate action.",FALSE,x1279079709142286337,"Let this sink in:

#ClimateAlarmists want you to STARVE
for their #ClimateChangeHoax

It's actually always been the endgame,
just like the #Plandemic https://t.co/WTIJeeuHpC",7/3/20 15:49,Twitter Web App,3,2,x590211920,libertytarian,David Knight,127708,182,17608,TX,"LIVE Mon-Fri 9am-noon EST/Real News w David Knight/VIDEO http://bit.ly/3dZOVtU / PODCASTS: iTunes, TuneIn, iHeart / EMAIL:DavidKnightShow@protonmail.com",FALSE,,,,,,,NA NA,NA NA,NA NA NA NA NA NA NA NA,https://twitter.com/SaphiraBrendan/status/1279079979767250947,Douglas MacRae üá¨üáß üá≥üá¥,"Inverness, Scotland","Welcome to my account. Enjoy!

 RTs aren't always something I like or endorse.",https://www.youtube.com/channel/UCfsvtEOnfwg8-t0DWeNFJDg,FALSE,324,545,4,13576,20124,1/11/18 12:37,FALSE,,,,https://pbs.twimg.com/profile_banners/951432917917622274/1561643263,,http://pbs.twimg.com/profile_images/1143956080084606977/u2mDPYrs_normal.jpg
x252872931,x1279079980085981184,7/3/20 15:50,ChazHill22,".@ShannonSharpe on FedEx requesting the Washington Redskins franchise to change their name:
 
""It won't be a better time than right now. But forget the climate in society, it's the right thing to do! What ever happened to doing the right thing?"" https://t.co/AafBEM6sjz",269,42,Twitter for iPhone,,,,,FALSE,TRUE,0,0,0,0,,,,,,,,,,,,,,x765905855195803648 x371539066,undisputed ShannonSharpe,en,,,,,,,,,,,,,,,,x1279058304749187074,".@ShannonSharpe on FedEx requesting the Washington Redskins franchise to change their name:
 
""It won't be a better time than right now. But forget the climate in society, it's the right thing to do! What ever happened to doing the right thing?"" https://t.co/AafBEM6sjz",7/3/20 14:23,Wildmoka,191,42,x765905855195803648,undisputed,UNDISPUTED,358804,504,20485,"Los Angeles, CA","Undisputed with @RealSkipBayless, @ShannonSharpe and @JennyTaft on @FS1 Weekdays. 9:30AM ET/6:30AM PT and on FOX Sports on SiriusXM Ch. 83.",TRUE,,,,,,,NA NA,NA NA,NA NA NA NA NA NA NA NA,https://twitter.com/ChazHill22/status/1279079980085981184,Chaz Hill,"New Palestine | Franklin, IN",@NPHighSchool '15 - @FranklinCollege '19 - Educator & Coach (@MrHill22) - ŒõŒßŒë - @2CentsOnMovies - opinions are mine - RIP Brayton Baker 8/5/96-5/2/12,https://www.youtube.com/channel/UCz_sgAkAbZ6j2IQfHZ6XaIg,FALSE,1106,2040,14,26641,27812,2/16/11 2:44,FALSE,,,,https://pbs.twimg.com/profile_banners/252872931/1547748621,http://abs.twimg.com/images/themes/theme9/bg.gif,http://pbs.twimg.com/profile_images/1142824276703227904/cHUbiPXG_normal.jpg
x570368730,x1279079981247758347,7/3/20 15:50,MrOgbonnaya,CSOs Advocate Renewable Energy To Curtail Climate Change¬†Impact https://t.co/IcpSzktBZa,88,9,Twitter for Android,,,,,FALSE,TRUE,0,0,0,0,,,nationaleconomy.com/climate-change‚Ä¶,https://t.co/IcpSzktBZa,https://nationaleconomy.com/climate-change/csos-advocate-renewable-energy-to-curtail-climate-change-impact/,,,,,,,,,x1230122549775937537,nateconomy,en,,,,,,,,,,,,,,,,x1279024876393816067,CSOs Advocate Renewable Energy To Curtail Climate Change¬†Impact https://t.co/IcpSzktBZa,7/3/20 12:11,WordPress.com,1,1,x1230122549775937537,nateconomy,NATIONAL ECONOMY,72,120,1295,"Federal Capital Territory, Nig",Nigeria's #1 Business & Economy Newspaper - Retweets are for information purposes only.,FALSE,,,,,,,NA NA,NA NA,NA NA NA NA NA NA NA NA,https://twitter.com/MrOgbonnaya/status/1279079981247758347,Emmanuel Ogbonnaya,Lagos,"CDO, Leadership Newspaper Group | Deputy Editor, National Economy | Chairman, Nigeria Association of Agricultural Journalists (NAAJ) | Executive Member, IFAJ ||",https://nationaleconomy.com,FALSE,680,2630,32,4557,4235,5/3/12 21:05,FALSE,,,,https://pbs.twimg.com/profile_banners/570368730/1576577486,http://abs.twimg.com/images/themes/theme1/bg.png,http://pbs.twimg.com/profile_images/1192714292019290112/aDz1BYwl_normal.jpg
x1586960102,x1279079981797085184,7/3/20 15:50,Ice911Research,Some great work by @DurwoodZaelke and @paulbledsoe through @Ice911Research. Saving the #Arctic is the only way we can slow the #ClimateCrisis. https://t.co/IfDIA6ug1A,166,22,Twitter Web App,,,,,TRUE,TRUE,0,0,0,0,Arctic,,,,,,,,,,,,,x1275065517053636611 x1941995300 x193022704 x1586960102,DrSusanaHancock DurwoodZaelke paulbledsoe Ice911Research,en,x1278731434820161536,"""The risk of losing the Arctic‚Äôs stabilizing function for the global climate now appears far greater than the risk of experimenting with geoengineering"" @DurwoodZaelke @paulbledsoe 

https://t.co/CARggIDm8X #climatechange #climateaction #research @nytimes",7/2/20 16:45,Twitter Web App,5,11,x1586960102,Ice911Research,Ice911 Research,658,671,2273,"Bay Area, CA, USA",Dedicated to researching safe ways to save the Earth's heat shield and help stabilize the global #climate.,FALSE,x1278754084594515969,Some great work by @DurwoodZaelke and @paulbledsoe through @Ice911Research. Saving the #Arctic is the only way we can slow the #ClimateCrisis. https://t.co/IfDIA6ug1A,7/2/20 18:15,Twitter Web App,0,1,x1275065517053636611,DrSusanaHancock,Susana Hancock,11,39,37,Oxford,"Global affairs specialist, geopolitics of the #Arctic and #MENA. Fighting for climate & human justice. Curious, creative, PhD, outdoorsy, she/her.",FALSE,,,,,,,NA NA,NA NA,NA NA NA NA NA NA NA NA,https://twitter.com/Ice911Research/status/1279079981797085184,Ice911 Research,"Bay Area, CA, USA",Dedicated to researching safe ways to save the Earth's heat shield and help stabilize the global #climate.,http://www.ice911.org,FALSE,658,671,13,2274,2537,7/11/13 22:30,FALSE,,,,https://pbs.twimg.com/profile_banners/1586960102/1587750165,http://abs.twimg.com/images/themes/theme1/bg.png,http://pbs.twimg.com/profile_images/1181661778641444864/klPt1fyB_normal.jpg
x1266383671227027460,x1279079986972983297,7/3/20 15:50,RickSNewton,"Jane Goodall on conservation, climate change and COVID-19: ""If we carry on with business as usual, we're going to destroy ourselves"" https://t.co/X2F54XP1fH",156,22,TweetCaster for Android,,,,,FALSE,TRUE,0,0,0,0,,,,,,,,,,,,,,x15012486,CBSNews,en,,,,,,,,,,,,,,,,x1279077392460525570,"Jane Goodall on conservation, climate change and COVID-19: ""If we carry on with business as usual, we're going to destroy ourselves"" https://t.co/X2F54XP1fH",7/3/20 15:39,Sprinklr,175,68,x15012486,CBSNews,CBS News,7663602,518,259864,"New York, NY",Your source for original reporting and trusted news.,TRUE,,,,,,,NA NA,NA NA,NA NA NA NA NA NA NA NA,https://twitter.com/RickSNewton/status/1279079986972983297,Rick Newton,"Burlington, Ontario, Canada","Semi-retired IT manager and end-user support professional, who now does one-off work for individuals as companies looking for assisting with the IT issues/needs",,FALSE,4,74,1,1026,307,5/29/20 15:02,FALSE,,,,https://pbs.twimg.com/profile_banners/1266383671227027460/1593282836,,http://pbs.twimg.com/profile_images/1276942600130498560/KRL6Rix4_normal.jpg
x15738974,x1279079986612310016,7/3/20 15:50,pewenvironment,"‚ÄúMore information and transparency for consumers and home buyers and renters about flood risk is critical, no matter where it comes from.‚Äù‚ÄîPew's @lbodss 

Millions of homeowners face flood risks without realizing it, and climate change is making it worse. https://t.co/HgGEhyjxFm https://t.co/wfTRPWTyBV",309,41,Hootsuite Inc.,140,,,,FALSE,FALSE,0,0,0,0,,,twitter.com/i/web/status/1‚Ä¶,https://t.co/VwDgKGqEjx,https://twitter.com/i/web/status/1279079986612310016,,,,,,,,,,,en,,,,,,,,,,,,,,,,,,,,,,,,,,,,,,,,,,,,,NA NA,NA NA,NA NA NA NA NA NA NA NA,https://twitter.com/pewenvironment/status/1279079986612310016,Pew Environment,Washington DC,"We work globally to establish pragmatic, science-based policies that conserve our oceans, public lands, and shorelines.",http://www.pewenvironment.org,FALSE,54421,2212,1491,40979,31415,8/5/08 17:36,TRUE,,,,https://pbs.twimg.com/profile_banners/15738974/1508531400,http://abs.twimg.com/images/themes/theme1/bg.png,http://pbs.twimg.com/profile_images/1115327052700356609/n0TDqdb8_normal.png
x961997551015682049,x1279079987790974977,7/3/20 15:50,EthosLifestyle,"One of the biggest liabilities on the world‚Äôs climate balance sheet right now is all of the #oil, #gas, and #coal sitting in the ground, discovered, but not yet dug up

https://t.co/GtvQtzZW8a @grist  #fossilfuels #BigOil #climatecrisis #globalwarming #CO2 #ethoslifestyle",274,38,Hootsuite Inc.,,,,,FALSE,FALSE,0,0,0,0,oil gas coal,,twitter.com/i/web/status/1‚Ä¶,https://t.co/egSyPTOF2O,https://twitter.com/i/web/status/1279079987790974977,,,,,,,,,,,en,,,,,,,,,,,,,,,,,,,,,,,,,,,,,,,,,,,,,NA NA,NA NA,NA NA NA NA NA NA NA NA,https://twitter.com/EthosLifestyle/status/1279079987790974977,EthosLifestyle,"West Coast, Canada","We are excited about ethonomical living, the idea that everyone, even baby boomers, can live a passionate & ethical life on a small footprint. Explore with us!",https://ethoslifestyle.wordpress.com/,FALSE,3025,3030,39,26436,10675,2/9/18 16:17,FALSE,,,,https://pbs.twimg.com/profile_banners/961997551015682049/1518278003,http://abs.twimg.com/images/themes/theme1/bg.png,http://pbs.twimg.com/profile_images/961998702339592192/LM6DIins_normal.jpg
x1567903322,x1279079990164893696,7/3/20 15:50,OceanIPSO,"#ClimateChange affects the ecology of reef fish through changing their habitat, community, and feeding behaviour. This study evaluated the response of #reef fish to multiple severe #coralbleaching events in Kish Island. https://t.co/hNUPXR5nwf @springerpub #oceanrisk https://t.co/2dkMAhoEky",291,35,Sprout Social,140,,,,FALSE,FALSE,0,0,0,0,ClimateChange,,twitter.com/i/web/status/1‚Ä¶,https://t.co/CM1vLPALcA,https://twitter.com/i/web/status/1279079990164893696,,,,,,,,,,,en,,,,,,,,,,,,,,,,,,,,,,,,,,,,,,,,,,,,,NA NA,NA NA,NA NA NA NA NA NA NA NA,https://twitter.com/OceanIPSO/status/1279079990164893696,IPSO,,Marine science & communications org increasing our collective understanding of the role of the ocean to life on Earth,http://stateoftheocean.org,FALSE,1152,550,40,3130,2081,7/4/13 10:33,FALSE,,,,,http://abs.twimg.com/images/themes/theme1/bg.png,http://pbs.twimg.com/profile_images/378800000086242348/a29f8aa849e75f09d97d96824798c588_normal.jpeg
x15724740,x1279079992111042560,7/3/20 15:50,iowasnewsnow,"Jane Goodall on conservation, climate change and COVID-19: ""If we carry on with business as usual, we're going to destroy ourselves"" https://t.co/X2F54XP1fH",156,22,TweetDeck,,,,,FALSE,TRUE,0,0,0,0,,,,,,,,,,,,,,x15012486,CBSNews,en,,,,,,,,,,,,,,,,x1279077392460525570,"Jane Goodall on conservation, climate change and COVID-19: ""If we carry on with business as usual, we're going to destroy ourselves"" https://t.co/X2F54XP1fH",7/3/20 15:39,Sprinklr,175,69,x15012486,CBSNews,CBS News,7663602,518,259864,"New York, NY",Your source for original reporting and trusted news.,TRUE,,,,,,,NA NA,NA NA,NA NA NA NA NA NA NA NA,https://twitter.com/iowasnewsnow/status/1279079992111042560,Iowa's News Now,"Cedar Rapids, Iowa","When news breaks and severe weather rolls in, Iowa‚Äôs News Now is giving you the most up to date information. When we know, you‚Äôll know. That‚Äôs what NOW means.",http://www.iowasnewsnow.com,FALSE,19550,1182,546,107098,1777,8/4/08 17:11,TRUE,,,,https://pbs.twimg.com/profile_banners/15724740/1580658268,http://abs.twimg.com/images/themes/theme1/bg.png,http://pbs.twimg.com/profile_images/1223995605585887233/270Oc2eY_normal.jpg
x1889800608,x1279080008502226944,7/3/20 15:50,_YourShilpa,"One of the coldest places on Earth üåç  is warming up faster than anywhere else. This is what the South Pole can teach us about climate change.

 https://t.co/pKhLmKbkIb",170,28,Twitter for Android,,,,,FALSE,TRUE,0,0,0,0,,,,,,,,,,,,,,x48702842,ErikSolheim,en,,,,,,,,,,,,,,,,x1278916629712252928,"One of the coldest places on Earth üåç  is warming up faster than anywhere else. This is what the South Pole can teach us about climate change.

 https://t.co/pKhLmKbkIb",7/3/20 5:01,Hootsuite Inc.,114,40,x48702842,ErikSolheim,Erik Solheim,115094,8186,16955,"Oslo, Norway","Join the fight for a green future! I work with World Resource Institute, Green Belt and Road, Plastic REVolution, Treelion, April/RGE, NOREF, NorwegianGreens.",TRUE,,,,,,,NA NA,NA NA,NA NA NA NA NA NA NA NA,https://twitter.com/_YourShilpa/status/1279080008502226944,Shilpa_TheBongGirl üåª,"Kolkata (Calcutta),India","An Idiot ü¶Ñ‚ú®üåà‚ùÑ
Work as Network Engineer üì∂üè¶",,FALSE,907,108,4,50762,21268,9/21/13 11:08,FALSE,,,,https://pbs.twimg.com/profile_banners/1889800608/1572878910,http://abs.twimg.com/images/themes/theme1/bg.png,http://pbs.twimg.com/profile_images/1263874347862839297/RedPkSA9_normal.jpg